-- phpMyAdmin SQL Dump
-- version 5.0.4
-- https://www.phpmyadmin.net/
--
-- Hôte : 127.0.0.1
-- Généré le : ven. 11 juin 2021 à 19:53
-- Version du serveur :  10.4.17-MariaDB
-- Version de PHP : 7.4.15

SET SQL_MODE = "NO_AUTO_VALUE_ON_ZERO";
START TRANSACTION;
SET time_zone = "+00:00";


/*!40101 SET @OLD_CHARACTER_SET_CLIENT=@@CHARACTER_SET_CLIENT */;
/*!40101 SET @OLD_CHARACTER_SET_RESULTS=@@CHARACTER_SET_RESULTS */;
/*!40101 SET @OLD_COLLATION_CONNECTION=@@COLLATION_CONNECTION */;
/*!40101 SET NAMES utf8mb4 */;

--
-- Base de données : `test_webreathe`
--

-- --------------------------------------------------------

--
-- Structure de la table `details`
--

CREATE TABLE `details` (
  `ID` int(11) NOT NULL,
  `VERSION` bigint(20) NOT NULL DEFAULT 0,
  `TEMPERATURE` varchar(250) NOT NULL,
  `SPEED` varchar(250) NOT NULL,
  `FLUX` varchar(250) NOT NULL,
  `ENERGY` varchar(250) NOT NULL,
  `BREAKDOWN` tinyint(1) DEFAULT NULL,
  `START_ACTIVATION` datetime NOT NULL,
  `DURATION` time NOT NULL,
  `ID_MODULE` int(11) NOT NULL
) ENGINE=InnoDB DEFAULT CHARSET=utf8mb4;

--
-- Déchargement des données de la table `details`
--

INSERT INTO `details` (`ID`, `VERSION`, `TEMPERATURE`, `SPEED`, `FLUX`, `ENERGY`, `BREAKDOWN`, `START_ACTIVATION`, `DURATION`, `ID_MODULE`) VALUES
(1, 38, '18', '13', '83505', '277', 0, '2021-06-10 22:14:01', '00:00:11', 1),
(2, 21, '18', '5', '77781', '108', 0, '2021-06-11 00:20:08', '00:00:01', 2),
(3, 21, '19', '10', '91206', '151', 0, '2021-06-11 00:24:35', '00:00:01', 3),
(4, 6, '21', '8', '93439', '85', 0, '2021-06-10 21:36:32', '00:00:05', 4),
(5, 1, '0', '0', '0', '0', 0, '2021-06-10 21:29:03', '00:00:00', 5),
(6, 21, '24', '10', '85580', '86', 1, '2021-06-10 21:35:01', '00:00:12', 6);

--
-- Déclencheurs `details`
--
DELIMITER $$
CREATE TRIGGER `TRIGGER_DELETE_DETAIL` AFTER DELETE ON `details` FOR EACH ROW BEGIN
    INSERT INTO historique
      (ACTION, DATE_ACTION, VERSION, TEMPERATURE, SPEED, FLUX, ENERGY, BREAKDOWN, START_ACTIVATION, DURATION, ID_DETAIL, ID_MODULE)
    VALUES
      ('delete', NOW(), OLD.VERSION, OLD.TEMPERATURE, OLD.SPEED, OLD.FLUX, OLD.ENERGY, OLD.BREAKDOWN, OLD.START_ACTIVATION, OLD.DURATION, OLD.ID, OLD.ID_MODULE);
  END
$$
DELIMITER ;
DELIMITER $$
CREATE TRIGGER `TRIGGER_UPDATE_DETAIL` BEFORE UPDATE ON `details` FOR EACH ROW BEGIN
    SET NEW.VERSION = OLD.VERSION + 1;
    INSERT INTO historique
      (ACTION, DATE_ACTION, VERSION, TEMPERATURE, SPEED, FLUX, ENERGY, BREAKDOWN, START_ACTIVATION, DURATION, ID_DETAIL, ID_MODULE)
    VALUES
      ('update', NOW(), OLD.VERSION, OLD.TEMPERATURE, OLD.SPEED, OLD.FLUX, OLD.ENERGY, OLD.BREAKDOWN, OLD.START_ACTIVATION, OLD.DURATION, OLD.ID, OLD.ID_MODULE);
  END
$$
DELIMITER ;

-- --------------------------------------------------------

--
-- Structure de la table `historique`
--

CREATE TABLE `historique` (
  `ID` bigint(20) NOT NULL,
  `ACTION` enum('update','delete') DEFAULT NULL,
  `DATE_ACTION` datetime DEFAULT NULL,
  `ID_DETAIL` bigint(20) NOT NULL DEFAULT 0,
  `VERSION` bigint(20) NOT NULL DEFAULT 0,
  `TEMPERATURE` varchar(250) DEFAULT NULL,
  `SPEED` varchar(250) DEFAULT NULL,
  `FLUX` varchar(250) DEFAULT NULL,
  `ENERGY` varchar(250) DEFAULT NULL,
  `BREAKDOWN` tinyint(1) DEFAULT NULL,
  `START_ACTIVATION` datetime DEFAULT NULL,
  `DURATION` time DEFAULT NULL,
  `ID_MODULE` int(11) DEFAULT NULL
) ENGINE=InnoDB DEFAULT CHARSET=utf8mb4;

--
-- Déchargement des données de la table `historique`
--

INSERT INTO `historique` (`ID`, `ACTION`, `DATE_ACTION`, `ID_DETAIL`, `VERSION`, `TEMPERATURE`, `SPEED`, `FLUX`, `ENERGY`, `BREAKDOWN`, `START_ACTIVATION`, `DURATION`, `ID_MODULE`) VALUES
(6, 'update', '2021-06-10 19:36:08', 1, 5, '15', '9', '53820', '155', 1, '2021-06-10 19:36:08', '00:00:06', 1),
(7, 'update', '2021-06-10 19:36:08', 1, 6, '26', '13', '24726', '102', 1, '2021-06-10 19:36:08', '00:00:06', 1),
(8, 'update', '2021-06-10 19:36:08', 1, 7, '34', '13', '56062', '141', 1, '2021-06-10 19:36:08', '00:00:06', 1),
(9, 'update', '2021-06-10 19:36:08', 1, 8, '29', '14', '59282', '81', 1, '2021-06-10 19:36:08', '00:00:06', 1),
(10, 'update', '2021-06-10 19:36:08', 1, 9, '18', '4', '46751', '220', 1, '2021-06-10 19:36:08', '00:00:06', 1),
(11, 'update', '2021-06-10 19:36:08', 1, 10, '22', '10', '31989', '146', 1, '2021-06-10 19:36:08', '00:00:06', 1),
(12, 'update', '2021-06-10 19:36:08', 1, 11, '30', '15', '43476', '152', 1, '2021-06-10 19:36:08', '00:00:06', 1),
(13, 'update', '2021-06-10 19:36:08', 1, 12, '18', '4', '35893', '245', 1, '2021-06-10 19:36:08', '00:00:06', 1),
(14, 'update', '2021-06-10 19:36:08', 1, 13, '26', '7', '79539', '81', 1, '2021-06-10 19:36:08', '00:00:06', 1),
(15, 'update', '2021-06-10 19:36:08', 1, 14, '13', '15', '90560', '150', 1, '2021-06-10 19:36:08', '00:00:06', 1),
(16, 'update', '2021-06-10 19:36:08', 1, 15, '34', '5', '57433', '161', 1, '2021-06-10 19:36:08', '00:00:06', 1),
(17, 'update', '2021-06-10 19:36:08', 1, 16, '34', '12', '98125', '265', 1, '2021-06-10 19:36:08', '00:00:06', 1),
(18, 'update', '2021-06-10 21:32:27', 5, 0, '0', '0', '0', '0', 0, '2021-06-10 21:29:03', '00:00:00', 1),
(19, 'update', '2021-06-10 21:35:01', 6, 0, '0', '0', '0', '0', 0, '2021-06-10 21:32:38', '00:00:00', 6),
(20, 'update', '2021-06-10 21:35:01', 6, 1, '15', '9', '53157', '362', 1, '2021-06-10 21:35:01', '00:00:12', 6),
(21, 'update', '2021-06-10 21:35:01', 6, 2, '30', '15', '17560', '110', 1, '2021-06-10 21:35:01', '00:00:12', 6),
(22, 'update', '2021-06-10 21:35:01', 6, 3, '35', '5', '86821', '136', 1, '2021-06-10 21:35:01', '00:00:12', 6),
(23, 'update', '2021-06-10 21:35:01', 6, 4, '16', '14', '59788', '398', 1, '2021-06-10 21:35:01', '00:00:12', 6),
(24, 'update', '2021-06-10 21:35:01', 6, 5, '16', '8', '56617', '333', 1, '2021-06-10 21:35:01', '00:00:12', 6),
(25, 'update', '2021-06-10 21:35:01', 6, 6, '35', '14', '94389', '58', 1, '2021-06-10 21:35:01', '00:00:12', 6),
(26, 'update', '2021-06-10 21:35:01', 6, 7, '32', '4', '88885', '298', 1, '2021-06-10 21:35:01', '00:00:12', 6),
(27, 'update', '2021-06-10 21:35:01', 6, 8, '23', '3', '34662', '294', 1, '2021-06-10 21:35:01', '00:00:12', 6),
(28, 'update', '2021-06-10 21:35:01', 6, 9, '23', '8', '97480', '276', 1, '2021-06-10 21:35:01', '00:00:12', 6),
(29, 'update', '2021-06-10 21:35:01', 6, 10, '17', '15', '72355', '283', 1, '2021-06-10 21:35:01', '00:00:12', 6),
(30, 'update', '2021-06-10 21:35:01', 6, 11, '12', '4', '74344', '101', 1, '2021-06-10 21:35:01', '00:00:12', 6),
(31, 'update', '2021-06-10 21:35:01', 6, 12, '35', '9', '67321', '363', 1, '2021-06-10 21:35:01', '00:00:12', 6),
(32, 'update', '2021-06-10 21:35:01', 6, 13, '15', '7', '41820', '327', 1, '2021-06-10 21:35:01', '00:00:12', 6),
(33, 'update', '2021-06-10 21:35:01', 6, 14, '23', '6', '18986', '283', 1, '2021-06-10 21:35:01', '00:00:12', 6),
(34, 'update', '2021-06-10 21:35:01', 6, 15, '12', '3', '26401', '382', 1, '2021-06-10 21:35:01', '00:00:12', 6),
(35, 'update', '2021-06-10 21:35:01', 6, 16, '25', '4', '29655', '107', 1, '2021-06-10 21:35:01', '00:00:12', 6),
(36, 'update', '2021-06-10 21:35:01', 6, 17, '31', '14', '43184', '385', 1, '2021-06-10 21:35:01', '00:00:12', 6),
(37, 'update', '2021-06-10 21:35:01', 6, 18, '17', '9', '78375', '382', 1, '2021-06-10 21:35:01', '00:00:12', 6),
(38, 'update', '2021-06-10 21:35:01', 6, 19, '29', '8', '58724', '130', 1, '2021-06-10 21:35:01', '00:00:12', 6),
(39, 'update', '2021-06-10 21:35:01', 6, 20, '33', '5', '33967', '318', 1, '2021-06-10 21:35:01', '00:00:12', 6),
(40, 'update', '2021-06-10 21:36:32', 4, 0, '0', '0', '0', '0', 0, '2021-06-10 21:27:28', '00:00:00', 4),
(41, 'update', '2021-06-10 21:36:32', 4, 1, '34', '15', '65708', '298', 0, '2021-06-10 21:36:32', '00:00:05', 4),
(42, 'update', '2021-06-10 21:36:32', 4, 2, '17', '7', '41925', '272', 0, '2021-06-10 21:36:32', '00:00:05', 4),
(43, 'update', '2021-06-10 21:36:32', 4, 3, '35', '14', '89730', '338', 0, '2021-06-10 21:36:32', '00:00:05', 4),
(44, 'update', '2021-06-10 21:36:32', 4, 4, '11', '10', '87357', '262', 0, '2021-06-10 21:36:32', '00:00:05', 4),
(45, 'update', '2021-06-10 21:36:32', 4, 5, '10', '13', '27596', '256', 0, '2021-06-10 21:36:32', '00:00:05', 4),
(46, 'update', '2021-06-10 22:14:01', 1, 17, '33', '13', '19514', '325', 1, '2021-06-10 19:36:08', '00:00:06', 1),
(47, 'update', '2021-06-10 22:14:01', 1, 18, '14', '13', '73649', '321', 0, '2021-06-10 22:14:01', '00:00:11', 1),
(48, 'update', '2021-06-10 22:14:01', 1, 19, '20', '13', '62645', '375', 0, '2021-06-10 22:14:01', '00:00:11', 1),
(49, 'update', '2021-06-10 22:14:01', 1, 20, '19', '15', '47481', '99', 0, '2021-06-10 22:14:01', '00:00:11', 1),
(50, 'update', '2021-06-10 22:14:01', 1, 21, '34', '3', '86995', '236', 0, '2021-06-10 22:14:01', '00:00:11', 1),
(51, 'update', '2021-06-10 22:14:01', 1, 22, '26', '12', '81421', '187', 0, '2021-06-10 22:14:01', '00:00:11', 1),
(52, 'update', '2021-06-10 22:14:01', 1, 23, '29', '6', '67068', '303', 0, '2021-06-10 22:14:01', '00:00:11', 1),
(53, 'update', '2021-06-10 22:14:01', 1, 24, '28', '4', '76749', '346', 0, '2021-06-10 22:14:01', '00:00:11', 1),
(54, 'update', '2021-06-10 22:14:01', 1, 25, '25', '4', '85455', '52', 0, '2021-06-10 22:14:01', '00:00:11', 1),
(55, 'update', '2021-06-10 22:14:01', 1, 26, '10', '8', '74995', '328', 0, '2021-06-10 22:14:01', '00:00:11', 1),
(56, 'update', '2021-06-10 22:14:01', 1, 27, '28', '15', '40656', '116', 0, '2021-06-10 22:14:01', '00:00:11', 1),
(57, 'update', '2021-06-10 22:14:01', 1, 28, '30', '4', '53104', '188', 1, '2021-06-10 22:14:01', '00:00:11', 1),
(58, 'update', '2021-06-10 22:14:01', 1, 29, '24', '11', '50356', '144', 0, '2021-06-10 22:14:01', '00:00:11', 1),
(59, 'update', '2021-06-10 22:14:01', 1, 30, '32', '14', '67703', '92', 0, '2021-06-10 22:14:01', '00:00:11', 1),
(60, 'update', '2021-06-10 22:14:01', 1, 31, '29', '6', '58977', '258', 0, '2021-06-10 22:14:01', '00:00:11', 1),
(61, 'update', '2021-06-10 22:14:01', 1, 32, '21', '4', '57031', '116', 0, '2021-06-10 22:14:01', '00:00:11', 1),
(62, 'update', '2021-06-10 22:14:01', 1, 33, '30', '14', '36146', '244', 0, '2021-06-10 22:14:01', '00:00:11', 1),
(63, 'update', '2021-06-10 22:14:01', 1, 34, '24', '10', '64963', '356', 0, '2021-06-10 22:14:01', '00:00:11', 1),
(64, 'update', '2021-06-10 22:14:01', 1, 35, '10', '13', '46789', '345', 0, '2021-06-10 22:14:01', '00:00:11', 1),
(65, 'update', '2021-06-10 22:14:01', 1, 36, '24', '10', '38059', '55', 0, '2021-06-10 22:14:01', '00:00:11', 1),
(66, 'update', '2021-06-10 22:14:01', 1, 37, '32', '9', '54063', '93', 0, '2021-06-10 22:14:01', '00:00:11', 1),
(67, 'update', '2021-06-11 00:20:08', 2, 0, '0', '0', '0', '0', 0, '2021-06-10 21:26:36', '00:00:00', 2),
(68, 'update', '2021-06-11 00:20:08', 2, 1, '28', '3', '83916', '141', 0, '2021-06-11 00:20:08', '00:00:01', 2),
(69, 'update', '2021-06-11 00:20:08', 2, 2, '15', '13', '34659', '166', 0, '2021-06-11 00:20:08', '00:00:01', 2),
(70, 'update', '2021-06-11 00:20:08', 2, 3, '16', '8', '90279', '292', 0, '2021-06-11 00:20:08', '00:00:01', 2),
(71, 'update', '2021-06-11 00:20:08', 2, 4, '31', '11', '65254', '344', 0, '2021-06-11 00:20:08', '00:00:01', 2),
(72, 'update', '2021-06-11 00:20:08', 2, 5, '18', '5', '57153', '301', 0, '2021-06-11 00:20:08', '00:00:01', 2),
(73, 'update', '2021-06-11 00:20:08', 2, 6, '18', '9', '44608', '306', 0, '2021-06-11 00:20:08', '00:00:01', 2),
(74, 'update', '2021-06-11 00:20:08', 2, 7, '24', '6', '75240', '80', 0, '2021-06-11 00:20:08', '00:00:01', 2),
(75, 'update', '2021-06-11 00:20:08', 2, 8, '14', '7', '93014', '133', 0, '2021-06-11 00:20:08', '00:00:01', 2),
(76, 'update', '2021-06-11 00:20:08', 2, 9, '22', '4', '26786', '137', 0, '2021-06-11 00:20:08', '00:00:01', 2),
(77, 'update', '2021-06-11 00:20:08', 2, 10, '11', '8', '80277', '198', 0, '2021-06-11 00:20:08', '00:00:01', 2),
(78, 'update', '2021-06-11 00:20:08', 2, 11, '27', '6', '98095', '202', 0, '2021-06-11 00:20:08', '00:00:01', 2),
(79, 'update', '2021-06-11 00:20:08', 2, 12, '28', '9', '96505', '268', 0, '2021-06-11 00:20:08', '00:00:01', 2),
(80, 'update', '2021-06-11 00:20:08', 2, 13, '35', '6', '48686', '182', 0, '2021-06-11 00:20:08', '00:00:01', 2),
(81, 'update', '2021-06-11 00:20:08', 2, 14, '13', '11', '95547', '337', 1, '2021-06-11 00:20:08', '00:00:01', 2),
(82, 'update', '2021-06-11 00:20:08', 2, 15, '22', '3', '63432', '173', 0, '2021-06-11 00:20:08', '00:00:01', 2),
(83, 'update', '2021-06-11 00:20:08', 2, 16, '18', '10', '72090', '361', 0, '2021-06-11 00:20:08', '00:00:01', 2),
(84, 'update', '2021-06-11 00:20:08', 2, 17, '22', '9', '50885', '345', 0, '2021-06-11 00:20:08', '00:00:01', 2),
(85, 'update', '2021-06-11 00:20:08', 2, 18, '11', '13', '61918', '102', 0, '2021-06-11 00:20:08', '00:00:01', 2),
(86, 'update', '2021-06-11 00:20:08', 2, 19, '26', '4', '56997', '239', 0, '2021-06-11 00:20:08', '00:00:01', 2),
(87, 'update', '2021-06-11 00:20:08', 2, 20, '17', '12', '96674', '57', 0, '2021-06-11 00:20:08', '00:00:01', 2),
(88, 'update', '2021-06-11 00:24:35', 3, 0, '0', '0', '0', '0', 0, '2021-06-10 21:27:18', '00:00:00', 3),
(89, 'update', '2021-06-11 00:24:35', 3, 1, '27', '4', '60834', '323', 0, '2021-06-11 00:24:35', '00:00:01', 3),
(90, 'update', '2021-06-11 00:24:35', 3, 2, '28', '10', '18274', '168', 0, '2021-06-11 00:24:35', '00:00:01', 3),
(91, 'update', '2021-06-11 00:24:35', 3, 3, '26', '4', '91858', '336', 0, '2021-06-11 00:24:35', '00:00:01', 3),
(92, 'update', '2021-06-11 00:24:35', 3, 4, '34', '8', '96573', '77', 0, '2021-06-11 00:24:35', '00:00:01', 3),
(93, 'update', '2021-06-11 00:24:35', 3, 5, '30', '14', '75572', '300', 0, '2021-06-11 00:24:35', '00:00:01', 3),
(94, 'update', '2021-06-11 00:24:35', 3, 6, '22', '10', '47336', '215', 0, '2021-06-11 00:24:35', '00:00:01', 3),
(95, 'update', '2021-06-11 00:24:35', 3, 7, '28', '14', '67296', '250', 0, '2021-06-11 00:24:35', '00:00:01', 3),
(96, 'update', '2021-06-11 00:24:35', 3, 8, '27', '11', '73246', '93', 0, '2021-06-11 00:24:35', '00:00:01', 3),
(97, 'update', '2021-06-11 00:24:35', 3, 9, '10', '14', '27556', '345', 0, '2021-06-11 00:24:35', '00:00:01', 3),
(98, 'update', '2021-06-11 00:24:35', 3, 10, '19', '6', '44163', '213', 0, '2021-06-11 00:24:35', '00:00:01', 3),
(99, 'update', '2021-06-11 00:24:35', 3, 11, '33', '3', '57432', '99', 0, '2021-06-11 00:24:35', '00:00:01', 3),
(100, 'update', '2021-06-11 00:24:35', 3, 12, '27', '9', '58796', '202', 0, '2021-06-11 00:24:35', '00:00:01', 3),
(101, 'update', '2021-06-11 00:24:35', 3, 13, '34', '13', '41644', '151', 0, '2021-06-11 00:24:35', '00:00:01', 3),
(102, 'update', '2021-06-11 00:24:35', 3, 14, '31', '8', '66735', '164', 0, '2021-06-11 00:24:35', '00:00:01', 3),
(103, 'update', '2021-06-11 00:24:35', 3, 15, '25', '4', '29454', '333', 0, '2021-06-11 00:24:35', '00:00:01', 3),
(104, 'update', '2021-06-11 00:24:35', 3, 16, '29', '10', '52011', '224', 0, '2021-06-11 00:24:35', '00:00:01', 3),
(105, 'update', '2021-06-11 00:24:35', 3, 17, '30', '15', '29831', '277', 0, '2021-06-11 00:24:35', '00:00:01', 3),
(106, 'update', '2021-06-11 00:24:35', 3, 18, '26', '3', '57397', '360', 0, '2021-06-11 00:24:35', '00:00:01', 3),
(107, 'update', '2021-06-11 00:24:35', 3, 19, '22', '6', '95835', '395', 0, '2021-06-11 00:24:35', '00:00:01', 3),
(108, 'update', '2021-06-11 00:24:35', 3, 20, '33', '15', '38643', '257', 0, '2021-06-11 00:24:35', '00:00:01', 3);

-- --------------------------------------------------------

--
-- Structure de la table `module`
--

CREATE TABLE `module` (
  `ID` int(11) NOT NULL,
  `NAME` varchar(250) NOT NULL
) ENGINE=InnoDB DEFAULT CHARSET=utf8mb4;

--
-- Déchargement des données de la table `module`
--

INSERT INTO `module` (`ID`, `NAME`) VALUES
(1, 'Téléphone'),
(2, 'Montre'),
(3, 'Télécommande'),
(4, 'Ecran'),
(5, 'Souris'),
(6, 'Portable');

--
-- Index pour les tables déchargées
--

--
-- Index pour la table `details`
--
ALTER TABLE `details`
  ADD PRIMARY KEY (`ID`),
  ADD KEY `detail_module` (`ID_MODULE`);

--
-- Index pour la table `historique`
--
ALTER TABLE `historique`
  ADD PRIMARY KEY (`ID`),
  ADD KEY `ID_DETAIL` (`ID_DETAIL`),
  ADD KEY `ACTION` (`ACTION`),
  ADD KEY `DATE_ACTION` (`DATE_ACTION`),
  ADD KEY `VERSION` (`VERSION`);

--
-- Index pour la table `module`
--
ALTER TABLE `module`
  ADD PRIMARY KEY (`ID`);

--
-- AUTO_INCREMENT pour les tables déchargées
--

--
-- AUTO_INCREMENT pour la table `details`
--
ALTER TABLE `details`
  MODIFY `ID` int(11) NOT NULL AUTO_INCREMENT, AUTO_INCREMENT=7;

--
-- AUTO_INCREMENT pour la table `historique`
--
ALTER TABLE `historique`
  MODIFY `ID` bigint(20) NOT NULL AUTO_INCREMENT, AUTO_INCREMENT=109;

--
-- AUTO_INCREMENT pour la table `module`
--
ALTER TABLE `module`
  MODIFY `ID` int(11) NOT NULL AUTO_INCREMENT, AUTO_INCREMENT=7;

--
-- Contraintes pour les tables déchargées
--

--
-- Contraintes pour la table `details`
--
ALTER TABLE `details`
  ADD CONSTRAINT `detail_module` FOREIGN KEY (`ID_MODULE`) REFERENCES `module` (`ID`);
COMMIT;

/*!40101 SET CHARACTER_SET_CLIENT=@OLD_CHARACTER_SET_CLIENT */;
/*!40101 SET CHARACTER_SET_RESULTS=@OLD_CHARACTER_SET_RESULTS */;
/*!40101 SET COLLATION_CONNECTION=@OLD_COLLATION_CONNECTION */;
